{"cameraMode":{"drawMode":0,"name":"Shaded","section":"Shading Mode"},"sceneLighting":true,"audioPlay":false,"sceneViewState":{"m_AlwaysRefresh":false,"showFog":true,"showSkybox":false,"showFlares":true,"showImageEffects":true,"showParticleSystems":true,"showVisualEffectGraphs":true,"m_FxEnabled":true},"in2DMode":false,"pivot":{"x":-5.472494602203369,"y":11.292110443115235,"z":2.039592981338501},"rotation":{"x":0.26597583293914797,"y":-0.19189438223838807,"z":0.054687269032001498,"w":0.9434397220611572},"size":2.6254446506500246,"orthographic":false}