{"cameraMode":{"drawMode":0,"name":"Shaded","section":"Shading Mode"},"sceneLighting":false,"audioPlay":false,"sceneViewState":{"m_AlwaysRefresh":false,"showFog":true,"showSkybox":false,"showFlares":true,"showImageEffects":true,"showParticleSystems":true,"showVisualEffectGraphs":true,"m_FxEnabled":true},"in2DMode":false,"pivot":{"x":-0.0005129426717758179,"y":1.2020596265792847,"z":0.012966293841600418},"rotation":{"x":-0.04384443163871765,"y":-0.8074178695678711,"z":0.05943764001131058,"w":-0.5858325958251953},"size":1.1474298238754273,"orthographic":false}