{"cameraMode":{"drawMode":0,"name":"Shaded","section":"Shading Mode"},"sceneLighting":true,"audioPlay":false,"sceneViewState":{"showFog":true,"showMaterialUpdate":false,"showSkybox":false,"showFlares":true,"showImageEffects":true,"showParticleSystems":true},"in2DMode":false,"pivot":{"x":-3.473141670227051,"y":-10.520414352416993,"z":-2.744900941848755},"rotation":{"x":0.4512093663215637,"y":0.31847360730171206,"z":-0.17594704031944276,"w":0.8152481913566589},"size":31.77506446838379,"orthographic":false}